PRICE,ZIPCODE
315000,10022
195000000,10019
260000,10312
69000,10022
55000000,10065
690000,11238
899500,10027
16800000,10304
265000,10473
440000,11230
375000,10451
689000,10303
259000,11372
430000,11373
895000,10014
549000,10312
975000,11377
199000,11209
350000,10471
599000,11374
639999,10301
1300000,11375
1100000,10465
349900,10304
750000,10307
1690000,11435
325000,11372
2250000,11214
230000,11372
1299888,10304
925000,10465
329000,10314
1300000,10303
848000,11207
279000,11230
528000,11219
1299888,10304
275000,11355
1165000,11249
1199000,10307
700000,10453
2150000,11204
1280000,11421
199900,10451
369000,11355
699000,11435
4250000,10012
825000,11358
329000,10304
889000,10314
769000,11419
1200000,11214
220500,10301
1999000,11209
3250000,10013
1650000,11231
1049000,10307
998800,10301
998800,10301
3150000,11217
849000,10023
559500,11235
750000,10065
1900000,10002
1250000,11218
1395000,11238
198000,11421
619888,10306
1489000,10308
65000000,10075
1595000,11221
655000,11237
1175000,11221
2880000,11357
798000,10305
1685000,11385
31000000,10019
2550000,11235
119000,10466
269000,11422
1650000,10128
1650000,10128
12950000,10014
5750000,10010
250000,11436
950000,11422
585000,10306
8750000,11209
595000,11234
215000,10012
950000,10025
314000,11210
395000,10021
600000,10465
790000,10314
539000,11209
1295000,10463
245000,10469
400000,10470
55000000,10023
280000,11209
899000,10309
2280000,10025
649000,11231
739000,11229
1495000,10312
3950000,11215
325000,10029
299999,10023
2695000,10031
4800000,11228
694000,10308
688888,10467
400000,11208
346000,11417
400000,11208
346000,11417
265000,11413
319000,10306
24800000,10021
1100000,10032
309000,11691
650000,11426
799000,10312
259000,10465
1195000,10309
17500000,10007
189000,10305
759000,11360
275000,11210
499000,10021
1249000,10463
69900,10465
1150000,11103
1749900,10031
1399000,11005
649000,11365
499000,10458
1050000,10465
5000000,10024
90000,10306
56000000,10019
650000,10465
500000,10024
350000,10306
1099000,11697
90000,10452
839000,11414
659000,11435
659000,11435
399999,11691
250000,11229
1740000,10025
650000,11411
1165000,10309
729900,10309
1880000,11224
449000,11005
1175000,11694
2750000,10014
995000,11414
2000000,10280
15000000,11201
2800000,10304
2600000,11360
3500000,10031
550000,10024
769000,10303
675000,11234
879000,10309
918888,11369
2400000,11215
1730000,11362
425000,10474
2500000,11354
998000,10307
1195000,10301
1649000,11228
955000,10312
949000,11436
880000,11358
39995000,10013
1250000,10022
899999,10306
198000,11415
549000,10469
1088888,11204
888000,10465
65000,10038
1449999,11105
14900000,10023
1695000,11221
2499000,11375
1970000,11201
1895000,11215
689000,10314
649999,10305
669000,10304
800000,11234
2375000,10012
2400000,11216
390000,10306
2250000,10014
1450000,10312
725000,11207
269000,10471
695000,10065
1300000,10473
459000,11214
689999,10302
425000,11368
10000000,10065
1525000,10024
1499000,11223
695000,10065
1300000,10473
269000,10471
425000,11368
1499000,11223
519000,10314
358000,11360
975000,10011
29200000,10016
498000,11209
385000,11360
999000,10462
399000,11372
599000,10308
829888,10309
699998,10314
1088000,11375
999000,10475
1188888,11385
265000,11360
288000,11235
999995,10065
1495000,10021
925000,10021
349000,11415
2000000,10022
839000,11214
329000,11375
899000,10469
615000,11212
800000,10029
430000,10314
499000,10314
439500,11415
299000,11415
2580000,10304
200000,10462
425000,10031
69000,10452
1995000,10025
230000,10025
220000,11435
198000,11355
1495000,10010
475000,10128
199900,11422
1150000,10304
1575000,11215
229000,11372
2700000,11205
320000,10473
295000,11230
550000,11203
285000,10462
328000,11373
1388000,11358
3000000,11201
2198888,11385
650000,10473
1100000,10036
2649000,11216
849000,11215
6500000,10028
560000,10023
1100000,10036
2649000,11216
849000,11215
418888,11219
2600000,11228
899000,10469
979000,11212
199000,11375
815000,10017
1025000,10075
1375000,10065
875000,10033
1350000,11235
989000,11236
815156,10310
1949000,11235
669000,11691
900500,11236
1465000,10021
899000,10036
1100000,10006
1199000,11414
325000,10025
599000,10303
1230000,11385
3950000,10022
2147483647,10309
1350000,11208
799000,11234
1599000,10304
1299900,10307
370000,11201
3225,10032
3649000,10001
860000,11224
765000,10304
259000,11203
1500000,11226
850000,10040
2494,10032
99000,11236
535000,11218
849998,10312
1100000,10027
998000,11378
1500000,11210
875000,10466
2350000,10011
850000,10466
4000000,10003
1200000,10021
12000000,10013
1300000,10024
799000,10069
339000,10017
875000,10472
799000,10472
799000,10472
285000,11429
2499000,11205
795000,10463
1799995,10021
250000,11414
5999000,10069
668000,11426
699900,10314
5295000,11231
2265000,10002
459000,11354
1369000,10309
879000,11426
559000,10029
869888,11418
799888,11379
749000,10314
499000,11412
1295000,10024
879900,10312
400000,10465
699999,10453
289000,11207
699000,11216
5800,11234
479000,10303
1355000,11216
1225000,11216
9999000,10028
105000,10462
300000,11234
799000,10465
202000,11360
720000,10305
600000,11218
599000,11209
235000,10301
319000,11362
950000,11385
1088888,11360
1250000,10306
650000,11208
774888,10312
105509,10463
995000,11221
995000,11221
769000,10465
395995,10471
975000,10022
499999,10464
1649000,10023
365000,11415
748999,10305
635000,11412
149000,10009
1099000,11414
3950000,10312
1529999,11420
675000,10301
2650000,11414
420000,11417
2999950,11236
559900,10309
549000,11420
999000,11354
289000,10460
790000,11356
2295000,10030
1150000,10312
13995000,11215
6100000,11212
350000,11207
450000,10471
2999999,11432
2500000,11235
350000,11235
150000,10301
3600000,11230
150000,10301
235000,11435
199000,11414
2000000,10457
2200000,11375
650000,11103
149000,10306
215000,11207
799999,11233
299000,11691
265000,11212
795000,10457
1245000,10471
549000,11221
7495000,10024
2850000,11103
215000,10465
299000,11236
275000,10461
898000,10306
275000,10461
599000,11420
189000,10305
678990,10314
800000,11234
549000,10314
849000,10312
675000,11203
130000,10303
759999,11432
489000,10309
799900,11229
295000,11414
159000,10469
999500,11357
589000,10310
329000,10304
799000,11226
1188000,11228
729000,10461
614900,10304
599000,10470
950000,11368
11000000,11694
348000,10306
965000,11201
1095000,10308
2295000,10013
13500000,10011
49500,10464
460000,11236
825000,11207
1230250,11375
799999,11234
259500,11415
1300000,11226
749000,11360
265000,10305
575000,11694
849000,10461
875000,11362
599999,10314
1150000,11414
1188000,10304
579900,10301
1295000,11357
250000,11234
1395000,10471
1648000,11375
1675000,11432
950000,11374
449500,10012
184888,11374
399000,10032
209000,10471
280000,10461
625000,11417
275000,10128
924800,10307
1300000,11361
995000,10312
16500000,10023
695000,10314
16500000,10023
695000,10314
998000,11419
899000,10310
849000,11436
235000,11694
399999,11694
520000,11233
485000,11236
215000,11230
1288000,10312
270000,11372
375000,10463
565000,11215
849000,11208
199000,11432
5500000,10471
899000,11361
699000,11234
27750000,10011
739000,11426
425000,10467
300000,10301
569000,10465
789000,11429
10500000,10005
350000,11211
5895000,11211
1250000,11220
1499999,11234
1488000,11228
285000,11697
699000,11420
924900,11204
560000,10454
1998000,11224
309000,11414
925000,10469
999000,11365
699000,11360
278500,11374
738000,10022
900000,11693
369000,11694
609000,10465
758000,11356
728000,10312
314900,11207
2848000,11432
1298000,11379
1095000,11005
434900,10314
375000,10471
1375000,10462
4680000,10016
549000,11375
549000,10310
950000,11375
388000,10002
5600000,10003
1600000,11374
6995000,10075
1399000,11379
399000,11420
529900,11201
999000,11378
575000,11373
659900,11360
2200000,11215
898888,11426
1250000,10309
1188000,11214
869999,10314
219000,11229
210000,11207
799000,11208
298000,10460
1248888,10306
1075000,10026
1695000,11216
3795000,11201
550000,11379
775000,10014
249900,10301
650000,10308
410000,11209
1650000,11223
1600000,10011
325000,11375
275000,10306
700000,10463
930000,11377
379000,10464
1150000,11204
568888,11374
1200000,10304
899900,10312
799999,11360
300000,11212
750000,10306
669999,10308
575000,10301
299000,11229
548800,10301
28500000,10021
259000,11418
425000,11375
950000,11207
185000,10032
1688888,11363
259000,11418
950000,11207
1688888,11363
689000,10458
419000,11367
1199000,11235
2150000,11235
899000,10314
675000,11429
875000,10016
899000,10036
219000,11421
120000,10458
470000,10034
229000,10470
3000000,11214
1199000,11415
1498000,11224
2000000,10022
50000000,10013
550000,11414
499000,10310
800000,10466
239000,11414
29950000,10011
674999,10309
14000000,11201
1228000,11354
880000,11356
369888,11374
500000,10022
499000,11423
2998888,11360
175849,10463
499000,10310
899975,10466
1474000,11375
2750000,10308
3999000,11228
1288000,11366
499000,11207
989000,10306
650000,10304
1999999,10312
5990000,10014
1235000,10463
785000,10016
750000,10032
1400000,11105
865000,10465
324000,11372
1100000,10307
2295000,11224
8950000,11201
1348888,10312
220000,10471
185000,11233
499000,10470
999999,11209
4995000,10014
700000,10009
1180000,11362
609000,11355
250000,11223
689000,11420
585000,11691
109500,10301
299000,10022
995000,10301
1499000,11209
299000,11358
279000,10034
235000,11420
17900000,10023
950000,11208
859000,11354
1999000,11372
1458888,11423
650000,11233
1100000,11228
478900,11374
2795000,10003
560000,10301
868000,10304
999000,11358
1590000,11417
149000,10030
594900,11422
799000,11210
985000,11413
685000,11412
479888,10309
2500000,11223
355000,11225
260000,10031
2600000,11238
2500000,11223
220000,11374
489000,11005
1288000,11214
200000,10022
625000,11379
2245000,10028
899000,11414
575000,11208
588888,10314
650000,10469
899999,11203
315000,11372
1599999,10465
10000000,10025
825000,10312
795000,10306
690000,11234
1249949,10307
799000,11236
115000,11432
2088000,11360
699000,11694
119000,10462
1275000,11369
410000,11414
309900,10463
435000,10469
879000,11356
325000,10031
1195000,11232
1900000,10007
868000,11379
1770000,11356
899000,11378
990000,11216
818000,11367
409000,11367
679000,11224
259000,11375
850000,11215
8750000,11209
495000,10303
825000,11215
1075000,11372
1950000,10471
6800000,10304
7999000,10025
578000,11378
8995000,10019
629000,11228
329900,11414
1788888,11357
899000,10306
2150000,10021
1290000,10471
109000,10467
545000,10306
307000,10463
595000,10009
1088888,10304
650000,10469
4380000,11214
949999,11417
879000,10461
850000,11691
675000,11209
199000,10303
395000,10005
368000,11360
999999,10312
374900,10463
365000,11372
25500000,10014
999000,10451
825000,11374
889000,10471
225000,10301
799500,10307
779000,11234
1880000,11209
3000000,10030
480000,10463
820000,11432
385000,11357
709999,11413
699000,11420
649000,11235
529000,10314
325000,10029
999000,11234
160000,11436
3895000,10004
699000,11201
615000,11224
249000,10465
1290000,11223
850000,10309
588000,10310
1790000,11375
1175000,11369
579000,10465
249000,10463
2480000,11357
999000,10469
228500,11415
305000,11357
1500000,10027
778000,10310
850000,11357
428000,11234
639000,10028
835000,11234
1250000,11360
1695000,11209
502900,11411
749000,10461
529000,11691
705000,11379
549000,10021
7200000,10467
335000,11372
599000,11694
334999,10312
295000,10463
560000,10473
549000,10021
335000,11372
334999,10312
295000,10463
799000,11234
720000,11221
249999,10308
850000,11420
750000,11223
625000,11208
650000,11426
4845000,10035
580000,10019
887785,10044
499999,11229
599000,10461
1149000,11208
988000,10304
764600,10308
699900,11101
5495000,11215
3900000,11357
999000,10044
10495000,11201
188000,11377
499900,10312
545000,10024
705000,11379
1289000,11004
389000,11378
350000,11220
1289000,11004
499900,10312
350000,11220
295000,10037
918000,11375
1799000,11375
989000,11229
890000,10305
469888,10464
310000,10031
479000,10024
1290000,11357
4250000,11238
7400000,11217
899000,11358
16500000,10011
659000,10465
1150000,11414
499000,11203
725000,10306
929000,11362
629000,11005
285000,10303
315000,11105
698000,11354
849000,11426
1775000,10034
3850000,10028
4500000,10280
465000,10465
869900,10314
699000,10469
799000,10306
290000,11374
575000,10466
290000,11374
500000,11219
2750000,11234
495000,10033
1199000,10308
605000,10463
550000,11232
768000,11361
2099000,11201
575000,11235
639000,10465
525000,10023
850000,10305
674999,10460
345000,11432
788888,11234
379000,11210
1495000,11201
2288000,11228
699000,11418
250000,10463
1120000,11362
25000000,10013
858000,11373
1275000,10036
1070000,10305
4800000,11215
14600000,10023
895000,10024
1250000,10465
1788000,11355
799000,11236
879000,11379
963000,10307
998000,11234
950000,10023
410000,10314
269000,11432
8500000,10013
1195000,10458
550000,11375
2800000,11219
940000,11435
865000,11377
7995000,10016
690000,10305
330000,11421
8750000,10014
619000,11235
899000,10314
1175000,11209
2999000,11228
1395000,10023
800000,11372
499000,10036
1625000,10024
799999,11429
1139000,10312
529000,10473
300000,11235
799000,11214
869000,10461
749000,10461
240900,10463
1295000,11104
3850000,11210
549000,10306
129000,10470
475000,10304
980000,11234
1199000,11228
1299999,11692
265000,11229
262500,10463
2699000,10305
1200000,10469
850000,10014
2699000,10305
989000,10307
1200000,10469
899999,10471
2780000,11357
999000,10025
699000,11203
60000,10022
499999,10302
599999,10305
725000,10314
998888,11209
980000,11229
800000,11379
1299000,10464
799000,11234
995000,10461
1250000,11204
1275000,11363
749999,10462
2650000,11216
999000,10024
279000,11415
479000,10314
2300000,10009
294000,11005
1390000,11429
450000,11374
999000,10025
1999000,10304
1288000,11369
639888,10312
569900,10301
1630000,11362
689888,11420
378000,11367
23900000,10023
149000,11368
589000,10303
958000,10312
195000,11363
299000,10306
1750000,11357
815000,11379
989000,11372
1075000,10001
879000,10065
999995,10003
430000,10463
445000,11355
999000,11228
2299000,11375
1225000,11361
849000,11374
1350000,11366
1600000,10312
600000,10023
435000,10023
4999999,11209
800000,11236
329000,11209
10975000,11201
599000,11433
699999,11208
539000,11360
370000,10016
1499000,11223
299000,10018
2400000,10306
275000,11229
1395000,10025
568000,11204
1049000,11105
568000,11204
1049000,11105
899000,11357
495000,10024
535000,10456
799999,10312
1989000,10036
699000,10459
369000,10463
599000,11691
169000,11229
749000,10461
1099000,10312
475000,10306
124900,10467
619000,10312
599000,10306
689900,10301
5900000,10471
249000,10462
509000,11372
549000,10307
2995000,11233
1999000,10471
350000,10458
269000,11105
7500000,10471
9950000,10128
2200000,10021
479000,11413
60000000,10075
329000,11375
1500000,10032
560000,11210
588000,10463
3300000,10075
479000,11413
169999,11368
439000,10301
758000,11385
448000,11357
588000,10463
2977000,11231
385000,10463
1475000,11691
978000,11365
2700000,11222
3500000,11213
349000,10463
790000,11354
750000,11360
1195000,10463
1750000,10025
874999,10306
324900,10034
97500,10472
2200000,10021
999000,10305
550000,10465
519999,11372
729000,10309
999999,11215
2898555,10312
611999,11411
1500000,11235
5600000,11229
299999,10465
2358000,10312
748888,10314
630000,10306
1389000,10033
319000,11375
319000,10302
1250000,10307
1199000,11366
1500000,10306
780000,11236
350000,10031
255000,11224
649000,11214
1480000,11354
628000,10314
190000,10468
450000,11355
2473888,10312
785000,10305
699900,11379
2495000,11370
149999,10470
208000,11357
172800,11234
1768888,11220
1239998,10309
1699000,10467
1350000,11366
889000,10312
1300000,11231
310000,11426
11000000,11236
1149000,10462
239900,11004
257000,11235
1090000,11360
799999,11234
2045000,10031
1195000,10312
340000,10471
1375000,11354
749000,10310
1399000,11421
775000,10065
1090000,11360
340000,10471
948000,11412
1399000,11421
880000,11377
699000,10023
2250000,10024
319000,10037
1300000,11234
729000,11236
425000,10463
399000,10028
625000,11201
269000,11374
449000,10314
699000,10457
550000,10035
799900,10309
758000,11214
829000,11414
789000,11235
24990000,10022
2250000,11222
359000,10028
1439000,11219
1050000,10472
134500,10463
11900000,10025
270000,10458
2280000,11355
278999,11362
2280000,11355
625000,11221
270000,10458
605000,10305
529000,10302
1050000,11225
225000,10026
1049000,11375
259000,11372
599000,11207
675000,10301
3595000,10013
789000,10309
998000,11385
889000,10461
825000,11204
599999,11208
10999000,10024
2750000,10471
649000,11234
989000,10466
357000,10462
25000000,10128
119888,11368
1099999,10465
749000,11366
589999,10302
6995000,10003
22500000,10065
749000,10314
499000,11417
859000,11423
599999,11235
899000,11234
315000,11234
1999999,10304
950000,11429
13950000,10003
1399000,11414
595000,10005
1618000,11234
485000,10469
748000,10309
1100000,10307
3995000,10025
659000,11201
1099000,11368
319000,10473
999000,10453
398000,11432
249000,10034
1299000,11355
8950000,10016
750000,11436
1100000,11234
1275000,10309
689000,11235
320000,11375
3995000,11217
1399000,11436
395000,10473
1250000,10471
719000,11375
795000,10463
1175000,11436
4250000,10021
2500000,10016
850000,11224
1350000,10461
929000,10306
549990,10306
34000000,10011
1550000,11224
265000,10035
879000,11366
1200000,10035
7500000,10075
325000,11040
755000,11361
325000,10463
1395000,10007
649000,10312
499999,10314
999998,10314
1358000,11221
1650000,10463
680000,11201
258888,11209
660000,10461
300000,10075
318888,10303
330000,10022
747000,10025
699000,11385
875000,10023
385000,10463
985000,11372
349000,11694
5950000,10028
968000,11374
569000,11375
238000,10305
1200000,11385
4995000,10024
911600,11354
598000,10463
472000,11373
549000,11420
3995000,10305
472000,11373
598000,10463
1085000,11204
680000,11208
200000,10462
210000,11367
525000,10312
999000,11234
1799000,10306
1900000,10035
519000,11414
728900,10314
549000,11375
2300000,10312
299999,11360
1800000,11230
1195000,10011
200000,11373
2300000,10312
1800000,11230
299999,11360
599000,11224
7500000,11205
1775000,10012
1059000,11208
1288888,10301
1299999,11234
1399999,10307
725000,10466
232500,11415
250000,10026
639000,11234
950000,11356
12500000,10013
430000,11377
299000,10017
279000,10462
1725000,11209
1698000,10312
438000,10312
100000,11691
299000,11372
625000,11360
350000,11208
699999,11213
529000,10010
23000000,10011
599000,11421
279900,10451
165000,10470
270000,11214
625000,11109
279900,10451
23000000,10011
1970000,11363
580000,11235
979000,11209
269000,10037
1700000,11436
499000,10128
1699888,11414
3100000,11691
499000,10463
1250000,11373
245000,11229
5800000,11217
2350000,10309
425000,10011
799000,10314
725000,11208
3695000,10012
3100000,11357
1499999,11418
1250000,11358
1199000,11228
28000000,10013
719000,11357
169000,11375
99000,10452
399000,11429
1300000,10025
888000,11207
1308888,11357
1265000,11379
558000,11209
1280000,11363
429000,10463
399900,10314
499900,10303
429000,10463
2489000,11215
255500,10305
30000000,10014
395000,10028
1090000,11356
471300,11207
9450000,10012
1089000,11209
220000,11213
9950000,10003
295000,11422
1375000,10314
399000,11224
219999,10463
129000,11432
329000,11104
639000,10306
750000,10312
499999,10304
560000,11375
1268000,11375
1899000,11234
129000,11432
888000,11375
2100000,11209
2900000,10304
1250000,11355
1078000,11375
3200000,11209
555555,10024
293900,11372
1175000,11220
160000,11429
999999,11220
1448000,11426
2950000,11234
150000,11368
354900,11209
580000,11372
969000,11379
530000,11214
3900000,11357
624999,11234
551000,11234
14800000,10003
450000,10464
475000,10308
995000,10025
650000,10022
250000,11421
125000,10461
2200000,10025
925000,10012
639000,11234
215000,11412
2050000,10304
279000,10470
785000,11214
669000,10314
3650000,11201
6700000,10025
681000,11207
530000,10303
1700000,11216
339000,11209
800000,11234
189000,10471
48000000,10021
4995000,10021
835000,10306
999999,10128
575000,11385
349750,11215
385000,10033
7950000,10014
324900,10471
175000,11230
915999,11369
1850000,11229
40000000,10007
324900,10471
1850000,11229
175000,10458
850000,10003
729000,11411
5995000,11231
480000,11375
4200000,10024
1198000,11375
1848000,11226
285000,11230
849000,11691
549000,10453
729000,11005
199999,11361
4900000,10471
600000,10466
599000,11435
599000,11233
725000,11230
1295000,11234
798888,10309
529000,11427
999998,10307
499000,10027
1550000,10309
319000,11375
759000,10308
245000,10017
1249000,11223
455000,10306
319000,11375
999900,11228
395000,10306
620000,10023
1295000,10312
849000,11223
8995000,10010
650000,11238
2995000,10128
495000,11418
675000,10304
999000,10023
2250000,11217
1299000,10473
429000,11224
649999,11422
10995000,10024
2050000,11225
1299000,10026
1075000,11230
174000,11229
1193000,10304
4995000,11215
12500000,10003
898000,11207
1288000,11357
1749999,10304
575000,11694
5100000,10011
2000000,10013
170000,10467
1295000,11201
749000,10301
1848000,11214
465000,10022
298999,11427
209900,11235
539000,11226
2975000,11238
2099000,11374
199900,10468
789000,10075
919000,11230
815599,11234
1050000,10309
289999,10463
4050000,10128
7750000,11219
1998000,11209
1250000,11215
680000,11357
1299000,11204
899000,11420
845000,11415
2098000,11357
899000,11209
758888,11361
650000,10025
169000,11432
1350000,11379
695000,11372
1499000,11207
395000,11201
169000,11432
395000,11201
445000,10017
499000,10303
449000,10022
649000,10306
335000,11209
838000,11433
1495000,11201
980000,10473
688000,11224
679000,11236
999888,11358
375000,10022
848724,11377
1595000,10031
568000,11694
1153000,10307
2399000,11361
349000,11218
2999990,11215
899000,11377
169000,11105
449999,10310
886545,11208
495000,10310
749000,10303
875000,11004
1630000,11373
849000,10019
110000,10471
299999,11208
335000,11360
549000,11209
445000,11214
459000,10307
399998,10304
9500000,11201
999000,11209
650000,11203
880000,10312
1350000,11432
599000,11355
225000,11361
220000,10040
289000,10462
350000,10037
1350000,11432
880000,10312
719999,11368
1100000,11211
259000,10451
1699999,11233
669000,11422
3400000,10471
549000,11417
250000,10462
299000,10034
1288000,11357
3345000,10013
1198000,11413
897888,11378
575000,11208
230000,11363
775000,10024
250000,10462
3345000,10013
3400000,10471
575000,11208
897888,11378
1198000,11413
1288000,11357
2100000,11357
230000,11363
1080000,10314
378888,10301
750000,10029
775000,10024
7495000,10075
698888,10306
850000,11222
2999999,11238
1149999,11001
2025000,11231
2695000,11211
192500,10463
395000,10024
1200000,11234
699000,10025
649000,11692
689000,10302
1895000,11215
668000,11418
2550000,10019
5500000,10027
1680000,10030
799000,10016
680000,10308
1650000,10014
6750000,10011
580000,11212
700000,11203
550000,10304
315000,10303
1695000,11211
385000,11220
2000000,10027
249999,11234
749000,10473
220000,11234
270000,11360
998000,11361
1150000,11237
799999,10308
395000,10011
2800000,10025
329888,11360
311000,11235
649000,11237
159000,10463
1148000,11209
669000,11235
305000,11209
599000,11360
1375000,11215
339000,10465
849500,10029
379000,10301
699000,11354
565000,10023
750000,11411
1250000,10462
999000,10032
1350000,11691
669900,11423
399000,10001
779000,11413
1200000,11235
895000,10065
369000,11220
299000,11209
1780000,10471
988000,11203
279000,11365
285000,10128
988000,11369
735000,10025
2950000,10012
899000,10019
850000,11365
670000,11203
968000,10461
320000,10461
228888,11435
199888,11414
5995000,10013
1430000,10465
1350888,11379
699000,11225
699000,11234
2000000,10028
538888,11360
2450000,11233
574999,10304
275000,11375
1499888,11360
270000,11215
675000,10469
149000,10470
299999,10465
595000,11221
536000,10463
288000,11361
19499999,10013
6995000,11201
799000,11234
4000000,10038
165000,10462
1475000,11249
595000,10044
3500000,10025
1090000,11385
2499000,11204
699999,10467
899000,11435
549000,10314
3700000,11211
768000,10302
949000,10314
980000,11208
849000,10467
269000,11375
150000,10458
770000,10024
750000,10025
638000,10465
199000,11367
239000,11005
6999500,10011
693000,11413
1150000,11373
549000,10014
889000,11369
1075000,11220
6995000,10017
155000,11432
349000,11213
825000,10025
215000,10462
1099000,11234
2900000,10017
215000,10462
825000,10025
349000,11213
555000,11385
697777,11420
14995000,11201
850000,10314
1175000,10304
545000,10028
749000,11105
13000000,10025
549999,10303
365000,10465
695000,11221
848000,11691
699000,11204
1075000,10016
998000,10029
540000,10310
165000,10463
779000,10024
1399999,10016
569000,11377
285000,10301
6295000,11215
11500000,10001
199999,11203
569000,11355
345000,10463
1448000,11357
183000,10462
1995000,10463
2250000,11215
650000,10314
14000000,10463
785000,10460
2599999,10304
1850000,11375
435000,11375
1899000,11221
875000,10469
1479000,10003
2250000,10022
799000,10027
12000000,10014
205000,10463
897000,11234
1195000,10021
1100000,11208
1999000,11231
1215000,10473
1250000,11235
9000000,11211
575000,11375
19995000,10013
399000,10028
12995000,10014
1245000,10306
798000,11360
475000,10473
399000,11373
780000,11421
450000,10301
889000,11420
6900000,10025
765000,10302
399000,11360
585000,10024
585000,10024
1450000,11385
1388888,11235
779000,11418
395000,10023
948000,11214
550000,11373
549999,11372
950000,11236
2295000,11233
799000,11692
290900,10471
474900,10463
365000,10002
199000,10463
7995000,11201
480000,11229
1450000,10014
695000,11421
1249000,10461
635000,11236
1759000,11218
499000,11211
999000,11203
17995000,10024
2175000,11221
639000,11373
999000,11203
1099000,11238
318000,10306
475000,10014
875000,10469
739900,10314
409000,11375
275000,11234
989000,11420
1750000,11211
285000,10017
12495000,10028
695000,11209
3450000,10030
435000,11374
220000,10467
1988800,11357
3300000,10065
135000,11691
468000,11373
5999999,10021
318000,11361
649000,11102
1875000,11209
1350000,11229
3345000,10024
899000,10025
799000,10306
5000000,10016
464998,11235
5250000,10003
1995000,10023
504000,10469
1295000,10014
1995000,10023
464998,11235
5250000,10003
699000,10306
949000,10473
1488000,11228
800000,10301
319999,11229
999000,11204
475000,11372
399000,10028
479900,11207
615000,10314
1150000,11214
225000,11414
284888,11372
585000,11374
720000,11236
659000,10307
249000,10471
1495000,10025
295000,11005
699000,11236
738000,11368
400000,11217
289000,11235
187000,10459
3500000,10031
4995000,10016
3400000,10023
155000,11432
689000,11377
2150000,11225
675000,10034
889000,10312
260000,11235
4200000,10007
749000,11375
639000,10308
799000,11226
700000,10463
297000,11235
455000,10028
6500000,10001
1299000,10461
1279000,10456
799000,10024
475000,11224
209000,11360
1325000,11234
259000,11209
899000,11426
1325000,11436
345000,10471
1088000,11357
669000,10314
1388000,11229
1475000,11378
1088000,11357
1375000,10128
1099000,11210
25000000,11201
900000,10471
599000,10128
1295000,10075
479900,10029
4200000,10003
188000,11209
479900,10029
1295000,10075
739999,10305
475000,10304
2250000,11235
875000,11209
499000,10304
749000,11208
4400000,10001
855000,10306
525000,11235
715000,11235
7950000,10075
550000,10310
17500000,10013
1528000,11358
1287777,11374
330000,11225
375000,11377
875000,11103
750000,11372
1350000,11221
27000000,10014
599000,10019
1200000,11421
1200000,11421
749000,10305
1900000,11238
590000,10469
1395000,10005
3595000,11230
1300000,10461
868000,11358
1248000,11235
1449000,11232
338000,11372
270000,10467
765000,10460
988000,11357
339000,11363
1099000,10308
1181000,10463
219000,11367
588000,11229
805000,10453
929000,11230
670000,11375
649000,10312
439900,11374
2850000,10012
358000,11360
299000,11375
1389000,11223
459999,10465
1999000,10304
2395000,11233
1180000,11356
650000,11375
589000,11209
515000,11411
750000,10314
1499999,10023
1525000,11210
1395000,10011
900000,10453
1099999,11229
498888,11360
199000,11432
1495000,10065
869000,11234
239000,11209
1299000,11209
2350000,11357
1788000,11361
325000,10030
299900,10463
439999,11005
899000,10314
4950000,11249
1895000,11231
759000,11691
699000,10314
1590000,11372
234900,11005
675000,11372
1500000,11222
2300000,10467
1075000,11692
1325000,11213
525000,11220
385000,11360
199000,11105
670000,11360
975000,11423
799000,10308
305000,11105
299999,10306
1980000,11209
1299000,11232
140000,10451
279000,11375
1995000,10024
329000,11365
750000,11231
999990,11429
430000,10017
349000,10314
599000,10469
4295000,11221
175000,11229
999000,10314
1335000,11221
849999,10306
136999,10462
699000,11694
329000,10033
825000,10016
685000,11217
4100000,10069
8850000,10013
189000,11432
8999999,10065
408000,11214
559000,11235
949000,10314
379000,11230
815000,10010
599000,11209
280000,10468
3999500,10457
875000,11203
310000,11367
1299900,10303
2225000,10016
1530000,11249
594900,11236
1080000,10465
1425000,11358
1399888,11234
36000000,10075
575000,11374
850000,10014
1288000,11228
309000,11005
999000,10025
2700000,11235
399000,10037
554900,10467
399000,11235
675000,11374
225000,11357
999999,11373
164999,10301
13000000,10014
235000,11415
29000000,10128
715000,10003
565000,10002
1650000,10031
1200000,11218
3975000,11222
1049000,10014
949900,10314
1199000,11379
765000,11362
1049000,10014
949900,10314
1199000,11379
849000,11379
999000,11378
1280000,11368
1999000,11235
560000,10016
26995000,10028
1450000,10312
1599000,11234
255000,11375
995000,10011
5827000,11374
995000,10011
5827000,11374
569000,11374
7195000,10065
398000,11105
3200000,11231
799999,10309
758888,11373
619999,11212
198000,10301
485000,11235
859000,11234
359000,11360
725000,11372
575000,11104
1288000,11377
589000,10308
239000,11375
2050000,10035
259000,10017
900000,10024
219000,11230
1795000,10027
2290000,11360
10850000,10065
699000,10030
998000,11365
1100000,11210
2198888,11385
425000,11375
2750000,11231
279999,11235
715000,11421
980000,11223
949000,11423
1600000,10004
640000,10003
1299999,11234
250000,10471
1188000,11432
1350000,11373
725000,10314
309000,11375
914999,11356
600000,10036
1750000,11209
950000,11223
850000,11208
5000000,10012
1050000,10465
1390000,11204
400000,10012
750000,11420
9995000,10016
529000,11373
1328888,11204
478888,10314
1350000,10021
2250000,10014
728000,11358
239900,11357
3399000,11238
2750000,10003
2095000,10022
199900,11375
2500000,10023
1399999,10312
2300000,11356
735000,11420
399990,11375
850000,11235
215000,11374
199900,11375
130000,10462
16995000,10010
1195000,10025
679000,10033
299998,10305
690000,11204
185000,11229
859000,11375
928888,11356
780000,11355
1190000,11209
1400000,10023
599000,10016
639999,10463
799000,10001
14950000,10010
749000,10312
2999999,10029
599000,10019
2700000,10003
3995000,11231
2235000,11235
620000,10461
1695000,10038
1999999,11222
1150000,11360
339000,10465
1390000,11377
938000,11370
919000,11226
425000,10471
19995000,10011
1249000,11208
799000,10017
475000,11201
3800000,11215
325000,11235
1200000,10005
6975000,10012
1150000,10038
2400000,11216
3500000,10019
769000,11415
2975000,10128
1860000,11357
4000000,10029
1250000,11354
220000,11362
1179987,10307
949000,10456
920000,11203
699000,10308
4000000,10024
649000,10314
1175000,10019
995000,11223
1595000,11222
435000,10012
649000,10314
995000,11223
1338000,10301
499000,10466
2280000,11358
660000,11207
349000,11235
14750000,10021
160000,10303
12500000,10013
370000,11229
600000,10025
1950000,10128
2000000,10075
1250828,11385
1149000,11225
329999,10473
390000,11375
400000,10023
239000,11235
1188888,11367
18500000,10012
567000,11374
8900000,10023
189000,11372
985000,11432
839000,10033
995000,10022
1439000,11205
379000,11367
3195000,10065
1439000,11205
1245000,11385
1995000,11213
365000,10301
950000,11106
4195000,10002
209000,10462
1390000,11230
8250000,10012
429000,11209
950000,10017
699000,11234
450000,11229
1190000,11229
2995000,10016
349980,11367
339000,10308
649000,11203
4695000,10128
189999,11369
189999,11369
699000,11234
349980,11367
399888,10466
1199900,10308
1395000,10027
2759000,11234
2995000,10026
399000,11375
16995000,10014
650000,10033
2599000,11234
1195000,11238
1288000,11209
2099000,11201
1275000,11220
1999999,11211
16995000,10014
10750000,10065
650000,10022
4800000,10028
1279900,10035
1680000,11360
299000,11367
845000,10019
415000,10021
449000,11005
1250000,11201
4395000,11217
315000,11372
499000,11209
699000,10309
625000,11213
749000,11369
949000,11226
1495000,11215
2395000,10032
625000,11213
1250000,10301
749000,11369
3165000,11233
205000,10463
1198000,11105
2199000,11235
5495000,10013
625000,10065
1449999,11233
1399000,11001
525000,10024
12000000,10075
1299000,11209
269000,11372
450000,10028
899999,10314
925000,11216
279000,11228
1795000,10025
1250000,10010
560000,11220
999000,11694
1188000,11412
948888,11235
735000,11207
1399000,11212
3600000,10021
1850000,10035
789000,10011
569000,11429
1700000,10014
12995000,10013
295000,10031
625000,10010
399000,11102
5700000,10013
618000,11235
149999,10471
650000,10025
1990000,11367
550000,10025
279000,10463
399000,11373
2495000,11237
3695000,10022
299000,10022
239500,10301
235000,10463
680000,10128
629000,10304
1039000,11228
2200000,10312
380000,11208
599000,11375
530000,10304
598000,10017
1449000,11249
459000,11216
825000,10314
745000,11221
440000,11372
7750000,10024
399900,10305
990000,10069
399900,10305
1150000,11369
990000,10069
2300000,10075
4999000,10003
350000,10314
1900000,10030
2498000,11361
3500000,10011
995000,11225
193999,10306
245000,11375
8495000,10013
12500000,10007
849000,11214
500000,11225
1895000,10019
189900,11223
5500000,10128
10850000,10024
999000,10465
2195000,10022
1260000,11204
675000,10011
225000,10032
229000,11209
1275000,10312
5495000,10007
850000,11201
450000,10466
950000,11369
730000,11412
830000,11361
829000,11433
555000,10024
888000,11001
1149000,11694
648000,10312
499000,11209
450000,11692
3900000,11413
558000,10308
1695000,11215
725000,11413
940000,11372
539000,11229
99000,10452
895000,10021
995000,10075
2550000,11231
345000,11214
879000,10306
945000,10023
939999,11429
500000,11374
475000,10025
1288000,11370
3099000,11220
1238000,11375
1450000,10023
370000,11228
595000,10027
2799000,11215
289000,11209
595000,10009
669000,11363
1288000,11370
13995000,10024
2095000,10022
585000,11372
699000,10314
340000,11224
15500000,10075
199999,11229
2495000,10027
799000,11201
888888,10308
1690000,11229
8950000,10011
1449000,10301
1295000,10128
599000,10002
628000,10305
593000,10305
634900,11429
499900,10306
540000,10016
1950000,11432
379000,11374
299000,11373
850000,10463
199999,11207
899000,11236
1299000,11220
699000,10473
579000,11355
585000,10302
579000,11372
499000,11236
350000,10306
1250000,10304
899000,11368
1979000,11221
599000,10305
779000,10301
25000000,10065
350000,10306
899000,11368
1195000,10024
1995000,10009
564900,11201
1250000,11207
15000000,10036
1399000,11103
1250000,10306
335000,11372
685000,10459
279999,11235
418000,11375
1780000,11377
520000,10033
599900,10314
885000,10473
258000,11235
700000,11357
25750000,10021
999000,11004
898000,10306
500000,10035
695000,11208
215000,11374
759000,11379
375000,10301
2700000,11203
2100000,11211
389888,11372
285000,11235
2795000,10025
674999,10301
12995000,10021
759000,11234
995000,11215
229000,11235
239000,10463
315000,10037
1100000,11414
225000,11105
868000,10306
1380000,11369
1100000,10307
865000,10016
1895000,11201
749000,10314
775000,10465
2395000,10022
2300000,11228
700000,10030
775000,10465
749000,10314
450000,11220
865000,10016
280000,10028
1100000,10307
1895000,11201
3890000,10017
560000,11211
198000,11374
1099000,10305
779000,10024
1880000,11204
509000,10465
499000,11230
204888,11375
1499000,10466
1295000,11235
7500000,10012
395000,11367
760000,10305
988000,11366
528000,11367
949000,11207
420000,10314
1380000,11355
1750000,10024
268000,11354
849000,11368
1095000,11103
4295000,10019
720000,11418
1900000,10462
729999,11436
425000,10025
848000,11204
213000,11230
795000,11233
749000,11362
1350000,11217
649000,11005
439000,11360
1699000,11105
2375000,11101
349999,11374
425000,11436
1650000,11235
1225000,11372
699000,11236
1150000,11201
2399000,11234
989000,10466
318888,11368
799000,11005
489000,11209
398000,11209
1190000,11235
795000,11208
750000,11203
899999,11354
795000,11208
750000,11203
899999,11354
1325000,11209
595000,11213
10700000,10302
330000,10301
2998000,11109
425000,11206
345000,10463
999000,11355
450000,11413
135000,10459
261250,10459
728000,11377
199000,10456
3200000,10035
1950000,10028
600000,10033
3200000,10035
569000,11223
749000,10012
2488000,11235
1138000,11219
1359000,11221
3720000,10002
974998,11208
300000,11218
729000,11412
750000,10065
599000,10314
11950000,10021
825000,10128
800000,11221
289000,11218
4750000,10011
899999,10003
868000,11379
3995000,10011
1500000,11214
625000,11234
749000,10014
520000,10457
749900,11208
799000,10466
959000,11005
888000,11203
725000,10306
1065000,10128
19995000,10028
744000,11106
675000,10007
4595000,10009
475000,11238
189000,10462
998888,11436
675000,10007
4500000,11222
32000000,10012
3250000,11238
769000,10304
648998,10469
1699900,11207
3250000,11218
395250,11106
539000,10305
1348000,11368
1450000,11354
465000,11372
6500000,10019
297000,11375
244900,11004
2480000,11357
230000,11375
780000,11230
4875000,10016
539999,11372
750000,10463
2249000,10016
270000,11101
399000,10065
1950000,10014
240000,11421
628000,11373
399000,11372
687000,10465
588000,10314
825000,10472
240000,11421
285000,10462
595000,11205
899000,10301
2995000,10030
1180000,11366
799900,10308
130000,10468
849999,11367
185000,10463
1275000,11001
2798000,11215
359000,11354
435000,11201
988000,11355
800000,10017
400000,11372
965000,10472
1389000,11234
525000,10473
849999,11367
289000,11005
10000000,10011
279000,11364
15995000,10014
1850000,11204
2599000,11105
250000,11230
2250000,11215
1800000,11105
350000,11234
1649000,11237
1395000,11215
1370000,11432
360000,10030
1050000,10003
2200000,10021
650000,10304
345000,11412
7850000,10003
4999000,10019
4900000,10075
299000,10019
1578000,11365
715000,11412
600000,11233
850000,10304
1949000,10009
1599999,10312
640000,10308
799900,10301
1599000,11372
695000,10003
740000,10305
329000,11209
750000,10466
1450000,11209
1999999,11235
899888,10314
379000,11367
879000,10308
1030000,10128
699999,10024
388000,11375
1750000,10003
995000,11249
599999,11436
300000,10026
389000,11373
875000,10021
3000000,10022
850000,10465
3595000,10031
925000,11377
799000,11429
1399000,11361
1880000,11355
375000,10036
269000,11209
925000,11377
799000,11429
4500000,11357
589000,11208
239000,11229
385000,11372
1000000,10036
2800000,11218
130000,11432
789888,10312
798000,11368
495000,10003
555000,11366
1274000,10016
349000,11415
2500000,11215
1250000,10011
2495000,10471
749900,10025
1399900,10305
948888,11209
775000,11426
475000,10466
2595000,10128
1199000,10305
750000,11206
713000,11214
300000,11377
2695000,10024
450000,11004
699000,10025
10950000,10024
225000,11005
5925000,11201
225000,11005
5925000,11201
255000,11362
2500000,11204
2095000,11432
10250000,10128
750000,11201
2999000,10035
199000,11218
1250000,11223
2425000,10003
205000,11368
2500000,10017
3499000,10021
649000,10022
729000,10012
998500,11226
765000,10466
599000,11372
11500000,10013
595000,10022
675000,10029
949000,10301
729000,11354
895000,10024
2449000,11206
399999,11415
397000,11373
950000,11232
3995000,10019
599000,11209
1999999,10005
3370000,10003
6995000,11201
1598000,11367
699000,11354
265000,11235
1699000,11235
1098000,11360
960000,11201
1086300,10024
859000,10457
945000,11379
549000,10457
969999,10466
1649000,11225
2800000,10019
449000,10128
294500,11372
990000,10474
314000,10303
449000,10128
1598000,11365
208000,11375
169900,10460
235000,11374
278000,11415
998000,11207
6400000,10021
385000,11374
250000,11229
1849000,11361
449500,10473
1250000,11373
1099000,11236
1900000,11367
2500000,10036
1288000,11356
1150000,10023
825000,11377
4195000,11238
675000,10306
875000,11237
297000,11214
485000,11374
230000,10471
629000,10466
625000,10308
1200000,10312
7550000,10014
499000,11234
485000,11214
399000,11102
14000000,10002
299000,11355
2200000,11385
465000,11368
278000,11367
709000,11236
685000,11375
4500000,10023
779000,11229
640000,10469
449000,11360
1100000,11215
550000,11230
1899000,11235
599900,10308
22500000,10014
739000,11210
7995000,10023
1425000,10012
749000,11367
548000,11354
950000,10022
399000,11367
1460000,10128
269000,11355
1695000,11201
155000,11234
449000,11004
825000,11101
938000,11229
690000,11234
1499000,11204
795000,11218
300000,11235
1100000,10019
5000000,10022
2500000,11221
425000,11218
280000,10017
1149000,11229
410000,11375
268000,11354
6000000,10022
4650000,10019
24500000,10065
660000,11373
465000,10306
1175000,10038
698999,11420
5250000,11211
1078000,11355
349000,11209
269995,11375
1590000,11214
4650000,10019
425000,11218
375000,10301
6999000,11201
1398000,10002
750000,11203
629000,10025
1150000,11204
12500000,10003
699900,10314
1098888,11357
519000,11375
1200000,11221
279000,11375
1325000,11369
635000,10309
499000,10304
1100000,11207
199000,11415
550000,10035
518000,11372
26000000,10065
1250000,11215
8750000,10128
1465000,11222
278000,11377
469000,11106
225000,11361
1100000,10460
1960000,11365
799000,10308
949000,11234
799000,11235
699000,11229
900000,10305
1100000,10460
1235000,11422
3295000,10128
595000,10025
269000,11235
548000,10312
6995000,10028
1150000,11215
595000,10016
799000,11219
2110000,10010
4200000,10024
450000,11433
385000,11235
649999,11412
539000,11209
550000,10309
1525000,11228
2100000,11219
625000,10473
728888,11413
739000,10028
1290000,11358
675000,10465
950000,10306
550000,11414
1099999,11370
906300,11208
5900000,10011
2700000,10019
659000,11436
898000,11221
189990,11414
2150000,11101
550000,10011
2100000,10025
1088888,11414
499000,10467
1795000,10025
2300000,10021
749000,11432
594900,11225
1399000,11233
639000,11355
1995000,11221
1250000,11226
275000,11216
3495000,10021
325000,10301
500000,11201
349000,11360
3195000,11231
24950000,10021
709999,11436
774900,10305
988000,10314
275000,11374
219000,11367
439000,10028
425000,10011
599999,11208
1139000,11229
680000,11234
2300000,11436
560000,10301
1600000,10035
699900,10016
1650000,10019
679000,10022
1249000,11218
438000,10009
449000,11374
699000,10003
1400000,10454
709999,11436
699900,10016
24950000,10021
1139000,11229
438000,10009
600000,10027
686000,11436
2255000,10019
2500000,11216
1848888,11432
259900,10463
399000,11209
1479000,11234
559900,11234
599000,10304
2480000,11365
5995000,11205
4750000,10065
778000,10309
1125000,10456
550000,11355
1775000,11232
888000,11219
375000,11216
15000000,11432
849000,10308
185000,10471
1250000,10307
349000,11414
259000,11203
575000,10022
500000,10030
399999,11211
10800000,11201
239000,10463
6950000,10458
979000,10474
599999,11233
699000,11373
1400000,11235
649000,11234
5475000,10021
224000,11375
590000,10025
1050000,10065
2288000,11204
1175000,11214
838000,10002
995000,11358
1345000,10065
339000,11375
999000,10028
2499000,11206
289000,11375
1350000,11377
850000,11204
1450000,11210
549995,11201
995000,10030
880000,11235
775000,10306
330000,10451
789000,10309
288000,11214
2399000,10001
589000,11229
250000,11372
1495000,10022
225000,11414
380000,11229
1800000,10453
939000,11379
150000,11374
889000,11435
665000,11372
899000,11231
10750000,10075
3200000,10030
399985,11212
437500,11372
1385000,10019
769000,10314
399000,10028
1385000,10019
769000,10314
318000,11375
1580000,11370
1300000,10011
625000,11222
290000,10065
419000,11224
448000,11218
540000,11415
549990,10461
299000,10451
840000,10302
15250000,10011
420000,11368
1550000,11220
668888,10301
225000,11207
975000,10004
1900000,11225
450500,11357
399000,11214
249000,10463
175000,11374
720000,11201
6995000,10012
2150000,10028
1388800,10304
1400000,10458
2250000,11215
1170000,11234
350000,10455
748800,10305
469000,11368
1355000,11215
1099000,11207
250000,11235
860000,10309
2250000,10065
288800,11367
285000,10305
399000,10032
489000,11234
1098000,11361
1200000,11209
1750000,11361
999999,11210
1890000,10021
180000,11372
1600000,11225
9995000,10028
5400000,10013
3395000,10014
1050000,11219
799000,11235
698000,10002
1699000,11209
558000,11370
1900000,10065
2150000,10128
769000,11357
1249999,10471
419000,11230
329000,11224
275000,10027
438000,11354
568000,11374
2150000,10024
750000,11216
999999,11418
1995000,11218
875000,10466
989000,11004
499000,11375
660400,11101
1199999,11206
580880,11203
1399000,10024
630000,11356
479999,10312
460000,11209
1649000,10128
5999000,10022
845000,10075
160000,10471
729000,11224
995000,10025
565000,10035
875000,11223
1280000,10307
248000,11354
1295000,11230
4995000,10011
330000,11374
6500000,10021
789000,11412
3250000,10471
3200000,11217
5980000,11372
1499000,11220
1599000,10019
549000,11212
249999,10301
699900,10309
1149000,11223
219000,11418
499000,10001
749999,10312
449000,11005
879000,10035
650000,10028
750000,11206
780000,11366
699000,11226
275000,11427
925000,11385
388000,11372
224995,11375
239000,11223
529000,11235
995000,11228
1030000,11365
875000,10065
598500,10314
265000,11360
1698000,11385
1995000,10003
820000,11218
1995000,11224
210000,11375
2350000,10011
6995000,10028
388000,11372
1475000,10019
1225000,10019
1995000,10128
2999999,10075
292950,11372
990000,11212
1540000,11215
679000,10024
1475000,10019
1225000,10019
1995000,10128
2999999,10075
800000,10014
998000,11223
920000,10461
1098000,11370
798000,10314
525000,10016
3900000,11413
479500,11360
599000,10019
6900000,10003
629000,10025
1650000,11204
1100000,10024
1450000,11233
1049000,11365
22500000,10011
2925000,11209
695000,10027
650000,10280
1695000,10128
1200000,10128
4675000,10024
1200000,10461
4495000,10022
462900,10016
635000,11238
368000,11354
12850000,10023
350777,10026
700000,10027
335900,10314
1149000,11368
1888000,11234
1288000,11105
750000,10314
324888,11374
550000,10033
165000,11415
2950000,10128
130000,11432
2560000,11216
3500000,10035
1049000,11249
9995000,10012
750000,11210
219000,11358
935000,10022
750000,11208
935000,10022
1080000,10304
2888888,11235
860000,10039
1180000,11368
235000,11234
4650000,10075
680000,11232
14995000,10024
595000,10128
1200000,10075
849999,11230
1300000,11358
2175000,10023
2795000,10019
979000,11378
589000,11691
45000000,10065
1995000,10023
679000,11220
263000,11427
7250000,10023
169999,11432
304900,11375
600000,10029
999000,11223
279000,11235
1250000,10022
179000,11234
1299800,10306
268000,11354
140000,10470
2100000,10301
293000,11372
649000,10027
298888,11357
1650000,10024
538000,11223
990000,10019
4145000,10007
2545000,11234
99000,10452
1650000,10024
999888,10301
99000,10452
2545000,11234
15500000,10019
395000,10128
999000,11207
3125000,10012
2995000,11215
570000,10280
599000,10024
239000,11223
5000000,10002
950000,10128
1099000,11209
1950000,10014
1085000,11224
1950000,10014
999900,10457
759000,10463
799000,11221
928500,11356
6995000,10002
1150000,11201
349000,11224
1400000,11357
6495000,10024
1800000,11373
1450000,10016
599000,10017
898888,10308
2980000,10029
829000,10459
15850000,10128
945000,10022
389000,10034
185000,11375
568000,11375
950000,10023
2000000,11201
1069000,11436
599999,11203
7600000,10007
248000,11365
575000,10032
350000,10033
7600000,10007
695000,11238
875000,11226
119000,11373
4000000,11231
195000,11372
410000,10037
699000,11203
699999,10473
915000,10462
399000,11372
995000,10023
535000,11106
429000,11205
2195000,11215
1690000,11368
1699999,11228
235000,11229
984900,10310
899000,11216
269999,11426
1350000,11213
735000,11210
1499000,11229
735000,11210
899999,11369
900000,10029
629900,10314
280000,11204
1999000,11233
5100000,10019
8500000,10023
1075000,10465
950000,10019
875000,11209
485000,10462
598000,11355
2999000,11204
600000,10011
355000,11374
889000,11375
650000,11412
629000,10128
970000,11362
515000,11235
1600000,10312
1900000,11220
3395000,10013
1795000,11215
549000,10003
6998000,10013
980000,10460
1400000,10312
750000,10022
750000,10309
349000,11104
519999,10302
1649000,11220
1750000,11105
868000,11378
324900,10034
870000,10019
355000,11224
10900000,10010
375000,10009
6700000,10304
268800,11204
640000,11219
10900000,10010
375000,10009
6700000,10304
640000,11219
2800000,10128
699000,11375
950000,10014
1208000,11356
749000,11417
1800000,11237
1025000,10002
2449000,10028
659000,10305
1499000,11378
700000,10013
235000,11377
700000,10021
4895000,10007
2350000,10027
456000,11373
1190000,10307
5350000,10001
335000,11362
628000,11220
710000,10466
790000,11210
1300000,11229
800000,10075
699000,11234
1750000,10022
416000,11354
225000,10301
499000,11225
425000,10009
220000,11379
140000,10470
790000,11210
2400000,10128
5995000,10013
988888,11233
369000,10025
2850000,11229
5799000,11201
229000,11235
44500000,10065
235000,11367
3500000,11238
1288000,11214
875000,10001
1099000,10304
1795000,11215
579000,11419
868000,11379
699900,11421
559900,11412
650000,10014
209000,10462
1695000,10028
570000,10469
419800,11375
1875000,10028
5900000,10016
4000000,10029
1450000,10006
975000,10472
210000,11374
310000,10471
8575000,10065
1895000,11221
10500000,10075
2990000,10006
440000,11213
650000,11423
600000,11212
1895000,11221
160000,11368
3500000,11230
599900,10469
2499000,11219
1850000,11219
888000,11228
500000,10454
1995000,10024
495000,10309
599000,10469
178000,11375
279900,10463
9000000,11209
119000,11432
935000,10128
750000,10026
318000,10016
3399000,11415
528000,11436
7800000,10065
199888,11414
5950000,10022
315000,10471
119000,11432
899000,10022
2050000,11222
615000,11354
178000,11375
279900,10463
385000,10019
209000,10301
259000,11372
695000,10023
1980000,11235
1950000,10014
1595000,10463
919000,10461
285000,11208
499000,10456
359000,10035
771770,11354
3550000,10011
9750000,10065
4395000,10128
695000,10021
1398000,11366
1950000,10014
285000,11208
1595000,10463
645000,10011
859000,10456
771770,11354
19500000,10028
1250000,10027
449000,11004
7990000,10013
3950000,10003
1399000,11221
7750000,10011
1049000,10463
995000,10469
3195000,10065
360000,11360
750000,10128
18000000,10065
300000,11224
675888,10308
4400000,11231
215000,11415
7990000,10013
250000,11207
2749000,11229
860000,11210
1195000,10007
825000,11368
295000,10463
999000,10065
599000,10029
860000,11210
1195000,10007
1169900,11368
2795000,11217
6250000,10010
2099000,11204
339000,11375
255000,11367
140000,11432
240000,11375
1775000,10023
1195000,10016
699000,10472
4150000,10065
1398000,11220
299000,11355
500000,10011
450888,11374
298000,11235
230000,11230
748000,11355
15500000,10128
6850000,10021
735000,10465
229999,11362
100000,11432
385000,10033
458000,11372
3750000,10012
3100000,10024
595000,10021
470000,11106
399999,10310
599000,10470
18950000,10013
2300000,10023
420000,10010
1459000,10309
1150000,10016
299000,11414
499000,10002
510000,10473
825000,10039
1150000,10468
6895000,10019
165000,10471
874900,10314
1499999,11237
495000,11209
245000,10467
565000,11223
1950000,10029
699000,11213
1200000,10038
1425000,11367
1595000,11233
1495000,11204
2375000,11218
1425000,11367
1248000,11229
1499999,11237
495000,11209
565000,11223
165000,10471
399000,10040
4895000,10003
12500000,10028
475000,10021
11175000,10128
1295000,10023
825000,10019
1849000,11215
699000,10023
420000,10065
320000,10462
525000,10065
1100000,11368
650000,10022
1650000,10075
1425000,10075
418000,11356
1399000,11234
339000,10306
599900,10301
400000,11106
699000,11412
1325000,10019
1750000,11225
2100000,11231
205900,11415
265000,11230
169999,11414
775000,10465
685000,10314
699000,10023
420000,10065
1245000,11369
795000,10021
445000,11103
399000,11224
1990000,11361
529000,10040
7500000,10028
595000,10033
525000,11224
479000,11224
4995000,10022
460000,10025
1200000,11361
5950000,10014
599000,10029
350000,10017
420000,11235
2400000,11213
2199000,10024
595000,10022
249000,11235
11000000,10011
585000,10040
1180000,10472
115000,10458
779000,10016
1850000,11220
9975000,10023
925000,11365
360000,10075
685000,10314
2750000,10019
1450000,10016
3400000,10030
329000,11360
699000,10303
1075000,11207
790000,10461
2199000,10024
11000000,10011
585000,10040
7750000,11201
19995000,10011
3375000,10029
1175000,11235
3150000,10024
15000000,10065
3150000,10065
825000,11372
899000,11228
795000,10065
275000,11230
775000,10462
2150000,10016
899000,11377
699000,10458
904000,11366
669000,11421
279000,11374
330000,11360
1175000,11235
399000,10021
740000,10024
590000,11691
775000,10462
1250000,11203
975000,10032
849000,10023
1699000,11238
1195000,10028
190000,11432
405000,10028
169500,10462
738280,11413
950000,11235
800000,10005
359000,11207
1950000,10065
999000,11207
1950000,10014
649000,10027
1175000,11357
799000,11417
2950000,11201
358000,11367
189999,11415
760000,10019
675999,10466
380000,11228
380000,11228
800000,10005
379000,11374
995000,10021
649000,11234
475000,11235
450000,11372
7250000,10013
1799000,11214
1500000,10463
3995000,10128
2299000,10035
210000,11218
3200000,10019
579000,11374
1175000,11235
648888,11367
989000,11414
995000,10011
154900,10468
399000,11220
589000,10036
565000,10312
760000,10309
3795000,10075
199999,11375
2500000,10001
749999,11203
1595000,10025
258000,11354
685000,10312
599000,11691
3250000,10002
245000,10301
729000,10471
779000,10461
1090000,11204
365000,11223
1099000,11249
12495000,10028
1990000,10011
1200000,10466
473000,11235
2348000,10017
25000000,10011
995000,10003
850000,11233
2950000,11231
133000,10467
1548000,11368
468000,10023
850000,10469
995000,11214
2348000,10017
1850000,10010
25000000,10011
2800000,10312
4995000,10011
398800,11372
142500,11432
2570000,11209
225000,10467
345000,11355
875000,11234
1188000,11418
694000,11225
495000,10065
649000,10022
659000,11218
429000,11209
959000,11005
1299999,11237
368000,11360
758800,10305
1795000,11201
21500000,10128
1595000,11377
6500000,10021
1089000,11423
735000,11101
559900,11414
350000,10033
780000,11354
173000,11375
995000,10301
775000,11413
1649000,10036
1290000,11377
575000,10473
1499000,11356
800000,11204
750000,10016
1750000,11231
2750000,10002
698000,10037
425000,10065
26000000,10013
3999999,10001
2295000,10065
689900,10314
3850000,11222
243000,10468
1995000,10002
250000,11377
845000,11423
915000,10462
599888,11104
325000,11368
999000,11221
688000,11220
950000,10468
249000,11374
465000,10022
2499000,11209
409000,11355
630000,11354
2499000,11209
874000,11221
4995000,10021
875000,10128
975000,10023
5975000,11215
475000,10031
975000,10025
1548000,11368
175000,11432
3000000,11201
2400000,10019
14995000,10021
988000,11360
299999,11375
120000,10456
1995000,10001
1300000,10031
1400000,11694
1080000,11221
1175000,11235
670000,10022
75000,11412
1499000,11692
1200000,10314
3299000,11205
2500000,10029
799000,11210
715000,10473
925000,10029
750000,10466
2795000,10023
1560000,11204
4650000,10021
1100000,10462
780000,11363
1199000,10075
2850000,11249
680000,10466
530000,10016
595000,10014
475000,11106
2700000,11222
900000,10452
1049000,11209
995000,11414
245000,11209
695000,11224
436000,10309
555000,11370
1250000,11356
4950000,10023
928000,11232
725000,11436
938000,11374
199000,11210
854000,10458
1439000,11216
389000,10028
475000,11214
815000,11235
474000,11232
2350000,10011
1325000,10023
6600000,10029
590000,11230
695000,11224
610000,10280
1238000,11358
789000,11203
699888,10312
854000,10458
1299000,10022
632000,10312
499000,11375
632000,10312
895000,10011
800000,11216
725000,11238
349500,11375
625000,10025
1090000,11385
1348000,11368
2975000,10021
280000,11355
259000,11373
550000,10065
12495000,10012
4800000,11205
398000,11354
329000,10465
385000,11209
1325000,11208
968000,10314
350000,11374
2750000,10019
498000,11374
1675000,11221
525000,10003
280000,11235
849000,11420
1250000,10128
359999,10456
229000,11105
1002500,10471
3995000,10003
1499000,10304
2649000,10016
385000,11207
695000,10019
1799000,10457
585000,11101
1688000,11357
359999,10456
179000,11210
229000,11105
2100000,10022
615000,10469
323000,11223
880000,11101
675000,11235
1500000,10027
425000,10065
2175000,10016
1296000,10075
3395000,10023
450000,11229
649000,11694
1295000,10001
1775000,11201
265000,11235
3595000,10023
769000,11375
1350000,10451
797777,11436
4650000,11238
680000,11417
549000,11691
13650000,10021
749000,11234
398000,11204
680000,11373
499000,11372
2250000,11218
550000,10305
4995000,10003
2650000,10028
7188000,10007
1500000,10460
999000,11215
799000,11361
699000,11377
940000,10021
3460000,11201
1395000,10028
629000,10469
2850000,11215
999000,11215
1500000,10460
940000,10021
2995000,10019
2750000,10065
1100000,10457
1395000,10021
599000,10308
1395000,10028
1049000,11379
4250000,10001
925000,10065
1695000,11211
599000,11372
1250000,10065
610000,11238
2299000,11361
1350000,10029
2395000,10017
3750000,11103
1080000,11356
450000,11211
2250000,11219
588888,11374
279000,11432
1199000,11209
1390000,10463
1150000,11234
6350000,10024
650000,10463
599999,11212
395000,10471
299000,11372
549000,11414
1350000,11222
499000,11377
1351242,11101
249000,11223
479000,11208
1899000,11235
275000,11435
2150000,10023
1999000,10128
1588000,11228
3200000,11217
1999000,10028
1745000,11101
1488000,10306
1494000,10075
1108900,11209
3200000,11231
650000,10304
2050000,11216
1998000,11215
1250000,10305
749000,10021
235000,10314
1215000,10473
399000,11375
2465000,10024
1200000,10128
439000,10003
975000,11207
1499000,11221
650000,11225
2550000,11215
3200000,10027
1999999,10024
460000,11235
1395000,11205
290000,11378
1990000,11361
2980000,11215
3498000,10013
2595000,10309
599889,11413
3995000,10019
589000,11208
1139000,11375
4500000,11222
2695000,11215
125000,10462
625000,10030
775000,11236
635000,10024
2375000,11209
545000,11209
599000,11235
538000,11375
342990,10301
1500000,10023
939000,11229
3150000,10025
1750000,11220
360000,10019
720000,11233
1199999,11219
710000,11412
200000,11234
699000,11226
1199999,11219
939000,11229
3000000,11203
559000,10471
1050000,10314
2649000,10016
614000,10024
925000,11385
800000,11355
559000,11221
999999,10004
269000,11235
838000,11219
2350000,11385
220000,11414
729000,10022
2045000,10019
749000,11356
189000,11432
399000,11209
250000,10471
3695000,10023
680000,10304
1195000,11220
2045000,10019
1599999,11377
495000,11230
314000,11204
165000,11691
950000,10029
975000,11203
449000,11005
2995000,11221
325000,11209
1599000,10022
649000,11412
1850000,10003
1395000,10005
1080000,10017
309000,11375
1499000,11235
179000,11414
595000,10014
849000,11236
2780000,11358
759000,11230
549999,10304
1750000,11211
4995000,10128
1400000,11221
725000,11211
249000,11235
245000,11414
1500000,11211
695000,10029
975000,11203
325000,11209
15500000,10023
649000,11412
1995000,10023
655000,11355
759000,11230
1799000,11221
3250000,10012
750000,10024
1495000,11221
658000,11355
395000,11375
1999000,11218
3950000,10024
4395000,10022
368888,10306
285000,10471
1290000,11694
11250000,10028
458000,11355
438000,11373
949900,11223
599000,10303
7500000,10007
289000,11105
635000,10003
1680000,11210
1075000,11421
580000,11232
838000,10307
8575000,10019
2500000,10022
200000,11215
2595000,10010
619000,10303
1200000,10014
8250000,10019
1150000,11235
375000,11232
2488000,10038
625000,10128
1510000,11232
4500000,10065
935000,11201
604200,11208
375000,11694
339000,11105
1149000,11375
5200000,10024
950000,10033
329000,11223
279000,11427
2495000,10028
19995000,10010
595000,11372
850000,10305
849990,11436
799000,11356
550000,10021
3200000,10301
639000,11377
849990,11436
2199999,10306
950000,10457
850000,10305
1099500,10014
2495000,10003
1500000,11378
720000,11377
4780000,10018
760000,10065
2350000,10022
339999,11373
220000,10458
499000,11377
445000,10075
299000,11369
4075000,10069
580000,11355
299900,10463
995000,10026
825000,10306
1525000,11101
222888,11367
1995000,10022
217000,11415
468000,11374
1739888,11204
650000,10466
1690000,11235
2100000,11216
7450000,10010
295000,11374
450000,11375
995000,10024
629000,10306
235000,10463
485000,10010
1588000,10023
2695000,10011
585000,10463
1598000,11368
848880,10016
268000,11367
3700000,10029
1125000,10025
329000,11229
799000,11369
1380000,11209
990000,10017
2499000,11356
2395000,11217
600000,10463
745000,10463
8525000,10028
1229000,10307
799000,10016
625000,10310
1225000,11221
299000,11374
240000,10301
165000,10471
1285000,11367
765000,10019
309000,10462
1250000,11236
2099000,11230
560000,10017
3795000,10065
1229000,10307
269500,10462
8525000,10028
3275000,10028
3795000,10021
4150000,10023
285000,11374
1249949,10307
649999,10304
780000,11238
1075000,11221
345000,11374
4150000,10023
1075000,11221
345000,11374
365000,11427
750000,11211
1850000,10004
1288000,11214
5250000,10022
769000,11236
925000,11379
500000,10019
625000,10014
1375000,10454
270000,11101
1273000,11377
15000000,10075
499000,10016
3585000,10023
749999,10458
499000,10306
595000,11207
5000000,10012
1495000,11103
2995000,10022
469900,10463
1995000,10028
159999,10452
758000,11210
599999,10469
749000,10128
2100000,11221
32000000,10021
620000,11436
849000,10472
469900,10463
1995000,10028
3250000,10065
338000,11367
3400000,11238
1575000,10023
259000,11209
2300000,11221
975000,10025
879000,11421
950000,10001
749999,11234
639000,11372
2300000,10016
289000,11374
1698888,11355
1180000,11204
6750000,10001
499000,10310
799000,10016
600000,10025
699000,11436
1578000,11366
849000,11001
4275000,10019
1550000,10011
489000,10470
499000,10310
799000,10016
600000,10025
6700000,10024
319000,11224
10750000,10011
520000,10021
715000,10011
689000,10022
5750000,10002
885000,10022
899000,11368
1250000,10010
580000,11356
1825000,10023
249000,11362
1175000,11234
232000,11369
1100000,10025
1695000,11105
300000,10451
4999000,10007
1690000,11368
849999,11203
1695000,11238
3900000,11238
669000,10302
1900000,11233
350000,10022
875000,10012
489000,10128
2800000,10027
949000,10027
675000,11235
459000,11235
899000,10016
13650000,10021
21000000,10021
15900000,10019
4995000,10019
2250000,10013
989000,11222
309999,11377
4880000,10018
600000,11355
5400000,10022
265000,10471
240000,11375
1790000,11101
225000,11223
1299000,10310
1625000,10024
420000,10016
385000,10306
2720000,11385
1396000,10306
1195000,11234
620000,10023
300000,10075
539000,10022
599000,10028
5200000,10022
650000,10033
5600000,10028
700000,10003
469000,10303
1950000,10003
729888,11357
2225000,11237
890000,10468
949000,11234
650000,10306
16500000,10065
579999,10304
1499000,11234
535000,11354
1250000,10065
1388000,11229
845000,10019
550000,11377
2599000,11221
498000,11360
840000,10469
1250000,10065
845000,10019
890000,10468
949000,11234
2800000,10021
699000,10023
225000,11201
4995000,10021
2800000,11249
4100000,10128
725000,11373
349999,11235
280000,10458
689000,10466
595000,11365
3200000,10031
15990000,10075
2350000,10016
369000,11360
705000,11102
599999,10305
488888,11355
600000,10035
1300000,11205
925000,10312
1675000,10065
499998,10473
1395000,11101
1450000,10010
1488000,11377
439000,10017
674999,10314
3950000,10012
925000,10312
329000,11005
1300000,11205
685000,10312
589000,10473
599000,10024
1325000,11379
2495000,10014
1299999,11203
1050000,11234
799000,11203
31500000,11211
399000,11005
399000,11367
1095000,10005
14950000,10128
1195000,10011
300000,11372
565000,10022
649000,10022
815000,11204
1250000,11385
3900000,10022
795000,10075
970000,11420
478000,11209
999000,10456
2499000,10021
460000,10017
669000,10312
6900000,10028
499000,10466
1250000,10011
1000000,10467
534900,11235
1175000,11236
865000,11236
1249000,11354
1500000,11201
10750000,10065
495000,11373
249000,11373
319000,11374
338000,11374
1095000,10038
625000,11106
1650000,11217
1575000,11201
459000,11355
6300000,10065
375000,10471
749000,10017
410000,11415
8100000,10028
2200000,11237
399000,11209
549000,11373
625000,11372
700000,11229
495000,10021
1399995,11233
375000,11209
270000,11372
389990,10306
1700000,10457
700000,10466
2695000,10025
499000,10314
375000,11360
8950000,10011
559000,10040
3995000,10019
695000,10022
715000,10466
929888,11001
948000,11369
999000,11367
2499000,11218
1025000,10461
4195000,10453
167999,10461
250000,10021
1345000,10128
634999,10470
1675000,10011
410000,10025
3550000,10027
900000,10028
5500000,10012
600000,10460
2599000,11214
288000,11375
2750000,10075
750000,10010
2150000,10028
3995000,10010
1398000,11358
849000,11230
995000,11238
899000,10021
519000,11235
519000,11235
995000,11238
659000,10022
15000000,10022
1080000,10465
599000,10004
1195000,11211
1059000,10024
1200000,11216
24500000,10065
490000,11224
580000,10021
465000,10303
499500,10022
225000,10312
7995000,10007
529000,10005
378023,10010
309000,10471
295500,10463
21000000,10013
749000,10303
1125000,10003
795000,10014
872500,10003
654250,11373
749000,11208
699000,10467
1350000,10282
995000,11238
460000,11375
899000,10021
10500000,10024
21000000,10013
1125000,10003
829999,10308
1950000,10023
740000,10024
654250,11373
795000,10014
872500,10003
518000,11367
500000,10002
1175000,10023
275000,10451
550000,10010
2500000,10027
2000000,11204
975000,11235
279000,11375
1058000,11375
189000,11209
3450000,10023
550000,11373
1499000,11358
1299999,11106
219000,11362
2600000,10003
825900,10314
370000,11213
569000,11208
890000,11208
749000,11208
555000,10309
799000,11236
2300000,11214
799000,11212
2000000,11204
2500000,11249
2600000,10003
799000,10470
349000,11416
1299999,11694
1380000,11432
499000,10026
4750000,10128
285000,11377
789000,10013
370000,10022
1700000,11232
1950000,10021
945000,10030
2999999,11224
599000,10075
245000,11374
1275000,10011
598125,11373
349000,11224
